prod_0,prod_1,prod_6,prod_7,prod_8,prod_9,prod_15,prod_3,prod_4,prod_5,prod_10,prod_2,prod_11
"[30, 45, 47, 43, 10, 28, 50, 17, 11, 27]","[27, 40, 21, 29, 48, 45, 32, 40, 34]","[19, 48, 28, 17]","[40, 7, 50, 9, 33, 18, 34, 41, 36, 7, 27, 14]","[32, 651, 502, 385, 35, 34, 7, 1060, 620, 824]","[2.5187535270217443, 1015.0994808558803, 678.5408876439366, 712.6528551473203, 33.1231553902794, 901.6643111940086, 828.28276904526, 841.8659468083038, 48.36279386402599, 14.4378236516698, 447.40988948701096, 358.3513121160858, 38.485271802475616, 838.5194863248366, 958.1614944322303, 314.0461555287548]","[1077.6771125565244, 780.6911265489457, 564.9260689354169, 540.5821856330044, 1059.9091472029102, 817.5398512768178, 987.6463599009186, 930.9973361225933, 615.4242620944916, 424.9667823213355, 541.7292658015177, 351.2635439643011, 894.728264412705, 955.8557708221682, 569.1384312334876, 501.7305729723606, 1038.7772491515307, 1029.9107152442061]","[35, 18, 0, 49, 46, 38]","[5, 19, 18, 4, 2, 5, 7, 38, 3, 22]","[28, 2, 7, 24, 37, 14, 36, 31, 2]","[584.7962461036578, 651.8487863694929, 1048.9826417605143, 857.6793276459546, 367.4654518039019, 408.19708902626144, 593.882636912773, 679.1424541660019]","[18, 22, 34, 20, 17, 48, 16, 39, 22, 12, 49, 36, 1]","[458.381387388247, 356.9020756757633, 418.9759857831674, 898.735086186362, 931.2730865619556, 875.3081396504527, 703.8098194412482, 783.1433080405297, 941.3260874679661, 1077.295255342554, 452.99594597399835]"
4.84,74.18,27.01,76.15,28.19,9.06,39.89,91.78,49.94,7.52,21.98,1.46,11.55
7.2599999999994465,111.2699999999999,40.51499999994923,114.22499999924223,42.285000000000004,13.59,59.835,137.66999999999143,74.90938210380754,11.279999962297708,32.97,2.1899999999724185,17.325000000000003
